usuario,clave,email,perfil
ctolerton0,654anYF@Y,ecuardall0@google.pl,cocinero
mcorcut1,902xqTG@3,sferenczy1@multiply.com,cervecero
marons2,700qkBM@H,sbazoge2@vinaora.com,bartender
lsymmons3,432ifSB@W,iminogue3@unicef.org,cervecero
epetersen4,583jxHE@R,ctewkesbury4@dell.com,socio
gtripon5,793dxLI@5,skalker5@google.com.br,socio
lbarratt6,432toAV@9,ndooman6@yellowbook.com,admin
amolohan7,496ljAS@7,viliffe7@ftc.gov,bartender
hhamon8,311ydDO@C,mesherwood8@abc.net.au,cocinero
mcaen9,887rvNU@A,fpimblott9@mit.edu,cervecero
